id	ratio
10001	88412
10003	55979
10005	75107
11001	43373
12001	44491
12003	14142
12005	30594
12007	27038
12009	49097
12011	69
12013	14483
12015	45508
12017	72824
12019	70743
12021	74576
12023	23204
12027	36862
12029	Infinity
12031	66995
12033	34835
12035	110510
12037	11727
12039	23036
12041	Infinity
12043	Infinity
12045	16160
12047	Infinity
12049	27411
12051	40347
12053	37311
12055	34294
12057	64
12059	19558
12061	38596
12063	24165
12065	Infinity
12067	Infinity
12069	57670
12071	105603
12073	58058
12075	40355
12077	Infinity
12079	18449
12081	77114
12083	50622
12085	39981
12086	72
12087	19253
12089	82721
12091	33828
12093	41605
12095	79
12097	70436
12099	74
12101	52564
12103	53924
12105	114414
12107	73464
12109	243812
12111	52251
12113	34854
12115	59874
12117	115665
12119	62583
12121	44190
12123	10917
12125	5172
12127	59855
12129	Infinity
12131	34188
12133	24567
13001	18521
13003	Infinity
13005	11319
13007	Infinity
13009	22453
13011	Infinity
13013	79061
13015	105054
13017	16996
13019	19186
13021	19108
13023	12830
13025	Infinity
13027	15587
13029	Infinity
13031	38075
13033	22522
13035	24059
13037	6455
13039	53044
13043	10797
13045	39271
13047	66550
13049	12715
13051	32278
13053	10343
13055	24770
13057	247573
13059	42355
13061	Infinity
13063	71288
13065	6727
13067	125959
13069	43014
13071	22918
13073	Infinity
13075	17277
13077	47705
13079	Infinity
13081	22736
13083	16285
13085	Infinity
13087	26716
13089	50217
13091	20730
13093	13737
13095	44751
13097	71941
13099	10296
13101	Infinity
13103	29991
13105	19109
13107	22530
13109	10775
13111	25322
13113	112549
13115	19523
13117	227967
13119	7607
13121	55
13123	30674
13125	Infinity
13127	42641
13129	57089
13131	24819
13133	8641
13135	153377
13137	44567
13139	99668
13141	Infinity
13143	29256
13145	Infinity
13147	25794
13149	Infinity
13151	112907
13153	51160
13155	9410
13157	67519
13159	13964
13161	15025
13163	15648
13165	8767
13167	Infinity
13169	Infinity
13171	Infinity
13173	10425
13175	23665
13177	Infinity
13179	30693
13181	Infinity
13183	Infinity
13185	28872
13187	32873
13189	10749
13191	Infinity
13193	13314
13195	Infinity
13197	Infinity
13199	7016
13201	5838
13205	22292
13207	27113
13209	Infinity
13211	18412
13213	39782
13215	27723
13217	108078
13219	Infinity
13221	Infinity
13223	79723
13225	9033
13227	31588
13229	Infinity
13231	Infinity
13233	21043
13235	11201
13237	21730
13239	Infinity
13241	16602
13243	7075
13245	16817
13247	90312
13249	Infinity
13251	13953
13253	8292
13255	65380
13257	25890
13259	5985
13261	14924
13263	Infinity
13265	Infinity
13267	25334
13269	8142
13271	Infinity
13273	Infinity
13275	22390
13277	40598
13279	26999
13281	11506
13283	Infinity
13285	69786
13287	Infinity
13289	Infinity
13291	23459
13293	26135
13295	Infinity
13297	45800
13299	17936
13301	Infinity
13303	20313
13305	29817
13307	Infinity
13309	7952
13311	Infinity
13313	104658
13315	Infinity
13317	9892
13319	Infinity
13321	20533
15001	33397
15003	58156
15005	Infinity
15007	36080
15009	41565
16001	41532
16003	Infinity
16005	42635
16007	6028
16009	9184
16011	15309
16013	22024
16015	Infinity
16017	43560
16019	57298
16021	11922
16023	2602
16025	Infinity
16027	108350
16029	7034
16031	23664
16033	Infinity
16035	4273
16037	Infinity
16039	26823
16041	13564
16043	Infinity
16045	17379
16047	15124
16049	8185
16051	Infinity
16053	23627
16055	39409
16057	39333
16059	7875
16061	Infinity
16063	Infinity
16065	39141
16067	20729
16069	40385
16071	4427
16073	Infinity
16075	Infinity
16077	7600
16079	12542
16081	11381
16083	42562
16085	5344
16087	10121
17001	33117
17003	Infinity
17005	16948
17007	53513
17009	Infinity
17011	16622
17013	Infinity
17015	Infinity
17017	Infinity
17019	69800
17021	16551
17023	Infinity
17025	13269
17027	37614
17029	51979
17031	71
17033	18961
17035	Infinity
17037	34911
17039	15942
17041	Infinity
17043	116266
17045	17328
17047	Infinity
17049	34132
17051	21784
17053	13280
17055	39041
17057	35110
17059	Infinity
17061	13174
17063	50586
17065	8194
17067	18020
17069	4046
17071	Infinity
17073	24664
17075	27876
17077	29142
17079	Infinity
17081	12726
17083	21941
17085	21594
17087	Infinity
17089	106933
17091	54803
17093	Infinity
17095	25319
17097	87940
17099	22013
17101	16168
17103	34406
17105	36518
17107	29245
17109	30823
17111	103041
17113	86145
17115	52901
17117	22723
17119	37918
17121	18951
17123	Infinity
17125	13715
17127	14344
17129	Infinity
17131	15618
17133	Infinity
17135	14395
17137	33798
17139	Infinity
17141	51063
17143	45753
17145	10643
17147	8223
17149	15821
17151	Infinity
17153	Infinity
17155	Infinity
17157	10808
17159	15901
17161	48269
17163	87493
17165	12051
17167	49113
17169	7035
17171	Infinity
17173	21719
17175	Infinity
17177	45054
17179	66763
17181	17000
17183	25970
17185	11489
17187	17167
17189	14030
17191	16495
17193	Infinity
17195	28059
17197	173165
17199	22443
17201	71195
17203	38726
18001	35491
18003	31073
18005	82040
18007	Infinity
18009	11976
18011	65875
18013	Infinity
18015	Infinity
18017	12665
18019	29243
18021	26198
18023	32317
18025	Infinity
18027	33113
18029	24871
18031	26737
18033	21418
18035	38395
18037	42558
18039	68344
18041	23209
18043	25690
18045	Infinity
18047	Infinity
18049	20059
18051	33576
18053	22164
18055	32177
18057	53958
18059	74985
18061	39898
18063	81843
18065	48476
18067	27454
18069	36337
18071	43884
18073	33447
18075	20945
18077	10696
18079	27626
18081	51299
18083	37508
18085	39603
18087	39303
18089	32376
18091	55015
18093	22833
18095	32375
18097	41308
18099	11625
18101	Infinity
18103	35845
18105	48995
18107	38525
18109	34857
18111	Infinity
18113	47452
18115	Infinity
18117	19426
18119	Infinity
18121	Infinity
18123	19081
18125	Infinity
18127	56135
18129	Infinity
18131	12534
18133	37702
18135	24922
18137	28442
18139	16645
18141	45072
18143	23870
18145	44395
18147	Infinity
18149	22893
18151	34484
18153	20746
18155	Infinity
18157	27227
18159	15128
18161	Infinity
18163	30269
18165	15505
18167	26879
18169	31443
18171	8201
18173	15633
18175	27827
18177	22062
18179	27984
18181	24182
18183	33756
19001	7054
19003	3686
19005	13884
19007	12352
19009	5578
19011	25642
19013	44216
19015	26484
19017	12456
19019	10601
19021	20110
19023	Infinity
19025	9746
19027	6773
19029	13145
19031	Infinity
19033	21503
19035	5658
19037	12005
19039	9374
19041	16170
19043	8819
19045	15670
19047	8528
19049	43618
19051	8966
19053	7950
19055	17153
19057	39417
19059	17199
19061	32347
19063	9432
19065	9898
19067	15744
19069	10164
19071	6948
19073	8981
19075	12333
19077	10670
19079	15115
19081	10771
19083	8524
19085	14136
19087	9932
19089	9228
19091	9564
19093	6865
19095	16103
19097	19366
19099	36966
19101	18422
19103	37303
19105	10268
19107	10153
19109	14999
19111	17148
19113	74705
19115	Infinity
19117	8534
19119	11792
19121	16013
19123	22235
19125	11035
19127	40288
19129	15068
19131	10631
19133	8740
19135	7845
19137	10137
19139	42880
19141	6901
19143	6045
19145	3806
19147	9092
19149	25220
19151	6846
19153	60229
19155	46693
19157	18314
19159	2517
19161	9817
19163	43127
19165	11628
19167	5810
19169	24376
19171	Infinity
19173	Infinity
19175	12450
19177	7157
19179	35044
19181	Infinity
19183	22281
19185	6476
19187	36605
19189	Infinity
19191	20201
19193	34143
19195	Infinity
19197	6392
20001	6260
20003	7833
20005	16332
20007	1529
20009	8825
20011	14754
20013	4821
20015	33439
20017	Infinity
20019	3363
20021	10058
20023	2683
20025	1002
20027	7958
20029	8991
20031	4112
20033	1790
20035	17681
20037	19517
20039	2885
20041	9451
20043	Infinity
20045	120793
20047	2893
20049	Infinity
20051	28689
20053	6330
20055	37084
20057	34381
20059	25733
20061	16928
20063	2631
20065	2495
20067	7526
20069	Infinity
20071	1249
20073	6123
20075	2640
20077	2795
20079	17272
20081	4053
20083	1842
20085	13318
20087	18998
20089	2850
20091	36949
20093	3960
20095	7360
20097	2485
20099	6715
20101	1559
20103	27032
20105	3043
20107	Infinity
20109	2821
20111	33392
20113	9569
20115	5993
20117	9745
20119	4303
20121	16731
20123	6128
20125	16278
20127	5455
20129	2740
20131	5059
20133	16015
20135	956
20137	5441
20139	Infinity
20141	3610
20143	5863
20145	3340
20147	5370
20149	7969
20151	9547
20153	2497
20155	31255
20157	4691
20159	9660
20161	37086
20163	5043
20165	3103
20167	6915
20169	27367
20171	2481
20173	39514
20175	22159
20177	44547
20179	2527
20181	5930
20183	3668
20185	4207
20187	2060
20189	5612
20191	11580
20193	7788
20195	2884
20197	Infinity
20199	Infinity
20201	2743
20203	2125
20205	4338
20207	Infinity
20209	41322
21001	19485
21003	20933
21005	Infinity
21007	Infinity
21009	43801
21011	Infinity
21013	13447
21015	65364
21017	20029
21019	47979
21021	29924
21023	Infinity
21025	12946
21027	20111
21029	Infinity
21031	Infinity
21033	12639
21035	38919
21037	92488
21039	Infinity
21041	10713
21043	Infinity
21045	15750
21047	23472
21049	36046
21051	20366
21053	10276
21055	9084
21057	6706
21059	50187
21061	Infinity
21063	Infinity
21065	14277
21067	29269
21069	14446
21071	12090
21073	50485
21075	6192
21077	Infinity
21079	17523
21081	24984
21083	37121
21085	26358
21087	11065
21089	35518
21091	Infinity
21093	27018
21095	26713
21097	18781
21099	18757
21101	45928
21103	Infinity
21105	Infinity
21107	45547
21109	Infinity
21111	45362
21113	Infinity
21115	22594
21117	41350
21119	Infinity
21121	31227
21123	Infinity
21125	60174
21127	15719
21129	Infinity
21131	10334
21133	22339
21135	Infinity
21137	24456
21139	9269
21141	27060
21143	Infinity
21145	32693
21147	Infinity
21149	Infinity
21151	45613
21153	Infinity
21155	19395
21157	31382
21159	Infinity
21161	17174
21163	Infinity
21165	Infinity
21167	21521
21169	Infinity
21171	10659
21173	27928
21175	13188
21177	30816
21179	45640
21181	7130
21183	24182
21185	33208
21187	10765
21189	Infinity
21191	Infinity
21193	26553
21195	29442
21197	Infinity
21199	64449
21201	Infinity
21203	16698
21205	24517
21207	17775
21209	54873
21211	47421
21213	18108
21215	Infinity
21217	25472
21219	Infinity
21221	14444
21223	Infinity
21225	14668
21227	32211
21229	Infinity
21231	20716
21233	Infinity
21235	36214
21237	Infinity
21239	26368
22001	10432
22003	12811
22005	20491
22007	22526
22009	13660
22011	18464
22013	13638
22015	25527
22017	17613
22019	18404
22021	4975
22023	6912
22025	Infinity
22027	15969
22029	9933
22031	27340
22033	20285
22035	7126
22037	4853
22039	16854
22041	20260
22043	Infinity
22045	24059
22047	33027
22049	15846
22051	29269
22053	7869
22055	13471
22057	32809
22059	7467
22061	11936
22063	138228
22065	11316
22067	8547
22069	19511
22071	24581
22073	14170
22075	Infinity
22077	22268
22079	9403
22081	4268
22083	10206
22085	24018
22087	46202
22089	52749
22091	10363
22093	10684
22095	43441
22097	13916
22099	27086
22101	25487
22103	18309
22105	13250
22107	Infinity
22109	22417
22111	7524
22113	30068
22115	8454
22117	11658
22119	19689
22121	Infinity
22123	10981
22125	15380
22127	4770
23001	53826
23003	11276
23005	36563
23007	29988
23009	13624
23011	15228
23013	39790
23015	17102
23017	28720
23019	25326
23021	8387
23023	Infinity
23025	25313
23027	39832
23029	15797
23031	40838
24001	35808
24003	286618
24005	118924
24009	91502
24011	Infinity
24013	83891
24015	51373
24017	159700
24019	10721
24021	252022
24023	29233
24025	126080
24027	107038
24029	19384
24031	118
24033	114095
24035	Infinity
24037	112667
24039	25918
24041	37103
24043	50193
24045	34308
24047	51690
24510	33980
25001	53361
25003	31578
25005	56148
25007	17325
25009	49075
25011	70702
25013	46982
25015	40459
25017	70
25019	11229
25021	50023
25023	64393
25025	33247
25027	55074
26001	Infinity
26003	9121
26005	58224
26007	28462
26009	Infinity
26011	15045
26013	8441
26015	60586
26017	34746
26019	17573
26021	38565
26023	43410
26025	26826
26027	51381
26029	26139
26031	Infinity
26033	37711
26035	30653
26037	78443
26039	13907
26041	35965
26043	12708
26045	54514
26047	33193
26049	101846
26051	25234
26053	15342
26055	91807
26057	41018
26059	45879
26061	18153
26063	10427
26065	58037
26067	32146
26069	25162
26071	11124
26073	71063
26075	79320
26077	131493
26079	17634
26081	92656
26083	Infinity
26085	Infinity
26087	88174
26089	Infinity
26091	49312
26093	94826
26095	6358
26097	10712
26099	124482
26101	24427
26103	33251
26105	29073
26107	43391
26109	Infinity
26111	83411
26113	Infinity
26115	149649
26117	15888
26119	Infinity
26121	57898
26123	48242
26125	74
26127	26442
26129	20981
26131	5881
26133	23260
26135	Infinity
26137	24538
26139	95461
26141	12791
26143	Infinity
26145	23992
26147	53117
26149	30474
26151	13756
26153	4025
26155	68446
26157	26382
26159	37677
26161	52518
26163	63
26165	33276
27001	15829
27003	175687
27005	34098
27007	23257
27009	Infinity
27011	2513
27013	66973
27015	8398
27017	17749
27019	102119
27021	29355
27023	11980
27025	55308
27027	Infinity
27029	8878
27031	5398
27033	5648
27035	32212
27037	140584
27039	Infinity
27041	37575
27043	13784
27045	Infinity
27047	30535
27049	11576
27051	2971
27053	96
27055	Infinity
27057	21018
27059	39582
27061	15046
27063	9946
27065	16024
27067	42743
27069	4250
27071	12528
27073	3343
27075	10524
27077	3744
27079	28111
27081	2839
27083	12916
27085	17942
27087	5596
27089	4678
27091	19850
27093	23131
27095	25872
27097	33064
27099	39566
27101	8346
27103	33966
27105	21944
27107	6597
27109	51643
27111	29173
27113	7119
27115	14602
27117	9087
27119	15810
27121	10970
27123	91329
27125	Infinity
27127	15272
27129	7323
27131	65968
27133	9490
27135	15327
27137	25000
27139	72914
27141	94570
27143	14869
27145	26304
27147	36887
27149	9634
27151	4704
27153	12258
27155	3319
27157	21608
27159	13669
27161	18787
27163	128174
27165	5420
27167	6324
27169	50873
27171	67143
27173	4934
28001	15502
28003	37210
28005	12447
28007	18477
28009	Infinity
28011	31945
28013	14492
28015	Infinity
28017	17146
28019	4139
28021	8950
28023	15828
28025	19640
28027	23154
28029	28516
28031	19079
28033	59584
28035	37736
28037	7765
28039	24094
28041	13345
28043	21087
28045	47053
28047	34171
28049	26611
28051	17739
28053	8342
28055	Infinity
28057	Infinity
28059	71076
28061	16582
28063	7262
28065	11314
28067	67930
28069	Infinity
28071	54374
28073	30687
28075	10879
28077	12643
28079	22715
28081	42467
28083	14612
28085	34347
28087	59186
28089	52309
28091	25069
28093	35619
28095	17936
28097	5087
28099	14685
28101	10593
28103	10742
28105	49799
28107	33994
28109	18423
28111	12032
28113	19734
28115	31640
28117	25261
28119	7269
28121	21726
28123	14210
28125	4435
28127	13474
28129	16078
28131	18112
28133	8660
28135	14125
28137	28441
28139	21969
28141	19542
28143	Infinity
28145	28556
28147	14499
28149	23384
28151	15407
28153	20446
28155	9765
28157	8804
28159	6082
28161	12497
28163	27057
29001	25377
29003	Infinity
29005	5275
29007	25641
29009	17834
29011	11850
29013	16334
29015	Infinity
29017	Infinity
29019	29712
29021	29688
29023	8533
29025	Infinity
29027	22516
29029	22816
29031	26054
29033	8796
29035	Infinity
29037	51862
29039	7037
29041	Infinity
29043	Infinity
29045	Infinity
29047	40479
29049	20554
29051	25569
29053	17644
29055	24102
29057	Infinity
29059	Infinity
29061	Infinity
29063	Infinity
29065	15480
29067	Infinity
29069	30119
29071	103330
29073	14726
29075	6665
29077	32201
29079	9949
29081	8524
29083	10859
29085	Infinity
29087	Infinity
29089	Infinity
29091	20052
29093	10226
29095	36784
29097	60109
29099	223810
29101	26949
29103	Infinity
29105	35443
29107	32641
29109	19217
29111	Infinity
29113	56183
29115	12194
29117	7587
29119	Infinity
29121	15251
29123	12243
29125	Infinity
29127	28634
29129	Infinity
29131	Infinity
29133	Infinity
29135	Infinity
29137	Infinity
29139	Infinity
29141	Infinity
29143	Infinity
29145	11658
29147	22472
29149	Infinity
29151	Infinity
29153	Infinity
29155	16826
29157	19225
29159	42558
29161	44744
29163	18567
29165	101187
29167	31794
29169	52059
29171	4811
29173	Infinity
29175	24945
29177	22855
29179	6275
29181	13564
29183	56501
29185	4681
29186	17843
29187	16676
29189	47463
29195	11330
29197	Infinity
29199	4963
29201	38541
29203	Infinity
29205	Infinity
29207	29369
29209	Infinity
29211	6229
29213	55355
29215	25735
29217	10219
29219	Infinity
29221	25022
29223	Infinity
29225	Infinity
29227	Infinity
29229	Infinity
29510	19289
30001	9434
30003	6680
30005	6708
30007	5936
30009	10696
30011	1222
30013	27218
30015	2883
30017	11721
30019	1737
30021	8950
30023	4553
30025	3009
30027	11291
30029	33333
30031	53905
30033	1293
30035	6820
30037	Infinity
30039	3358
30041	16463
30043	Infinity
30045	Infinity
30047	15137
30049	22591
30051	2427
30053	19440
30055	1718
30057	4088
30059	1851
30061	4255
30063	58721
30065	4639
30067	8177
30069	Infinity
30071	4119
30073	5960
30075	Infinity
30077	6795
30079	1109
30081	42563
30083	11039
30085	3699
30087	9248
30089	11711
30091	3469
30093	34602
30095	9419
30097	3691
30099	6085
30101	4886
30103	Infinity
30105	7433
30107	2140
30109	Infinity
30111	52993
31001	31678
31003	3181
31005	Infinity
31007	Infinity
31009	Infinity
31011	5352
31013	10886
31015	1977
31017	3014
31019	16577
31021	6535
31023	8053
31025	Infinity
31027	Infinity
31029	3971
31031	5818
31033	4838
31035	Infinity
31037	10585
31039	9042
31041	5449
31043	Infinity
31045	8890
31047	7903
31049	Infinity
31051	Infinity
31053	36707
31055	33036
31057	1801
31059	5582
31061	2990
31063	Infinity
31065	4780
31067	10801
31069	1906
31071	Infinity
31073	Infinity
31075	Infinity
31077	Infinity
31079	61519
31081	9207
31083	3443
31085	Infinity
31087	Infinity
31089	5101
31091	Infinity
31093	6437
31095	7178
31097	5185
31099	6530
31101	8072
31103	Infinity
31105	3619
31107	8472
31109	39295
31111	35280
31113	Infinity
31115	Infinity
31117	Infinity
31119	11715
31121	7882
31123	4836
31125	3607
31127	6949
31129	4275
31131	5342
31133	2641
31135	2903
31137	9060
31139	3569
31141	33175
31143	5328
31145	10728
31147	7969
31149	1436
31151	7221
31153	60480
31155	21057
31157	36363
31159	17161
31161	5289
31163	Infinity
31165	Infinity
31167	Infinity
31169	5045
31171	Infinity
31173	3612
31175	4209
31177	20721
31179	9318
31181	3524
31183	Infinity
31185	6903
32001	24230
32003	57
32005	24155
32007	26325
32009	Infinity
32011	Infinity
32013	16826
32015	5693
32017	5223
32019	18041
32021	4457
32023	22101
32027	6508
32029	Infinity
32031	35430
32033	9592
32510	18248
33001	60785
33003	24032
33005	75960
33007	10545
33009	17877
33011	37245
33013	37304
33015	51061
33017	64307
33019	43077
34001	29991
34003	94841
34005	49844
34007	46429
34009	93553
34011	38135
34013	57735
34015	97402
34017	86455
34019	125059
34021	31228
34023	64831
34025	78294
34027	49969
34029	66438
34031	85435
34033	31396
34035	67086
34037	70841
34039	56389
34041	35599
35001	39810
35003	Infinity
35005	21622
35006	13427
35007	12174
35009	49812
35011	Infinity
35013	35930
35015	28499
35017	27687
35019	4429
35021	Infinity
35023	Infinity
35025	34380
35027	19395
35028	18738
35029	24078
35031	18141
35033	Infinity
35035	32909
35037	8306
35039	39159
35041	18847
35043	71254
35045	42309
35047	13874
35049	49583
35051	11116
35053	16798
35055	32795
35057	Infinity
35059	4187
35061	Infinity
36001	44230
36003	23447
36005	113
36007	64546
36009	38674
36011	77603
36013	25809
36015	42779
36017	47863
36019	80980
36021	60604
36023	47786
36025	11250
36027	73892
36029	66109
36031	12652
36033	25558
36035	53877
36037	19319
36039	Infinity
36041	Infinity
36043	62240
36045	38062
36047	156
36049	26551
36051	63799
36053	35483
36055	106806
36057	24629
36059	105
36061	64
36063	42266
36065	46266
36067	77566
36069	27475
36071	63704
36073	40983
36075	59239
36077	30047
36079	99323
36081	236
36083	53241
36085	95892
36087	82217
36089	21925
36091	114935
36093	38891
36095	31420
36097	18000
36099	Infinity
36101	16047
36103	107
36105	37743
36107	Infinity
36109	104802
36111	59806
36113	64532
36115	Infinity
36117	90670
36119	54458
36121	40493
36123	24955
37001	162391
37003	37286
37005	11031
37007	12496
37009	26957
37011	17536
37013	23544
37015	19224
37017	33478
37019	43632
37021	64402
37023	44647
37025	103436
37027	81981
37029	Infinity
37031	68881
37033	Infinity
37035	78987
37037	71472
37039	28087
37041	14105
37043	Infinity
37045	24334
37047	55936
37049	51289
37051	83137
37053	Infinity
37055	36099
37057	82733
37059	42456
37061	59039
37063	62328
37065	52747
37067	75264
37069	66168
37071	110091
37073	Infinity
37075	Infinity
37077	59557
37079	Infinity
37081	105391
37083	25655
37085	132754
37087	61084
37089	57854
37091	23906
37093	27058
37095	Infinity
37097	58570
37099	42973
37101	196708
37103	Infinity
37105	60430
37107	56883
37109	82403
37111	45159
37113	17366
37115	Infinity
37117	22789
37119	98
37121	15072
37123	27435
37125	97264
37127	46996
37129	113599
37131	Infinity
37133	96947
37135	144946
37137	Infinity
37139	39743
37141	60958
37143	Infinity
37145	39370
37147	179042
37149	20558
37151	143282
37153	22399
37155	132606
37157	45475
37159	70322
37161	66551
37163	63430
37165	35093
37167	61482
37169	45717
37171	36112
37173	7147
37175	33956
37177	Infinity
37179	231366
37181	44211
37183	179
37185	Infinity
37187	12012
37189	27561
37191	124172
37193	68576
37195	81671
37197	37774
37199	Infinity
38001	2318
38003	10734
38005	Infinity
38007	Infinity
38009	6530
38011	3166
38013	Infinity
38015	47515
38017	29631
38019	3762
38021	4861
38023	2288
38025	Infinity
38027	Infinity
38029	3301
38031	3257
38033	Infinity
38035	14159
38037	2376
38039	2258
38041	Infinity
38043	Infinity
38045	Infinity
38047	Infinity
38049	Infinity
38051	1303
38053	12724
38055	4843
38057	8465
38059	30796
38061	10265
38063	2937
38065	Infinity
38067	6972
38069	4099
38071	11519
38073	5297
38075	Infinity
38077	Infinity
38079	7266
38081	Infinity
38083	Infinity
38085	4376
38087	Infinity
38089	15105
38091	Infinity
38093	10544
38095	2253
38097	4007
38099	5428
38101	22982
38103	4022
38105	16675
39001	27726
39003	20640
39005	53628
39007	19561
39009	22199
39011	45778
39013	17007
39015	43576
39017	47576
39019	Infinity
39021	38840
39023	26911
39025	204214
39027	42009
39029	51539
39031	36544
39033	20873
39035	45
39037	51536
39039	12719
39041	100232
39043	37409
39045	77367
39047	28752
39049	56
39051	42289
39053	29973
39055	46959
39057	55584
39059	19547
39061	35384
39063	37877
39065	31364
39067	15216
39069	27185
39071	21486
39073	28474
39075	43957
39077	29247
39079	32449
39081	16590
39083	61261
39085	76706
39087	60249
39089	43362
39091	45325
39093	61585
39095	33145
39097	44036
39099	28725
39101	64967
39103	59457
39105	Infinity
39107	40873
39109	105122
39111	Infinity
39113	31267
39115	Infinity
39117	34994
39119	28716
39121	Infinity
39123	40657
39125	18845
39127	Infinity
39129	57830
39131	28270
39133	162277
39135	Infinity
39137	Infinity
39139	40196
39141	38657
39143	14799
39145	37965
39147	55243
39149	48759
39151	46568
39153	45102
39155	28626
39157	30766
39159	56741
39161	14109
39163	Infinity
39165	57221
39167	30209
39169	58019
39171	18392
39173	130492
39175	22029
40001	21909
40003	Infinity
40005	13887
40007	5315
40009	10897
40011	4749
40013	46319
40015	14587
40017	69963
40019	24095
40021	24444
40023	7432
40025	2154
40027	46607
40029	5642
40031	24305
40033	Infinity
40035	14327
40037	23901
40039	14400
40041	42602
40043	4878
40045	3966
40047	20527
40049	13955
40051	54943
40053	Infinity
40055	5843
40057	2689
40059	3808
40061	12763
40063	13302
40065	25125
40067	6183
40069	11060
40071	22272
40073	15669
40075	8893
40077	5206
40079	49731
40081	17571
40083	46784
40085	10034
40087	39343
40089	32808
40091	19742
40093	7693
40095	16434
40097	40921
40099	13853
40101	17272
40103	11277
40105	10306
40107	12140
40109	27171
40111	9733
40113	23617
40115	15656
40117	16472
40119	40788
40121	22092
40123	12741
40125	36113
40127	11173
40129	3716
40131	45722
40133	24878
40135	41252
40137	43332
40139	20900
40141	7433
40143	30775
40145	78657
40147	51932
40149	11134
40151	9031
40153	10230
41001	16054
41003	90951
41005	103168
41007	19591
41009	Infinity
41011	21296
41013	11562
41015	11335
41017	93438
41019	36468
41021	Infinity
41023	7190
41025	7289
41027	23377
41029	54370
41031	23758
41033	86352
41035	66935
41037	7863
41039	62458
41041	24460
41043	62524
41045	30480
41047	85322
41049	11166
41051	67296
41053	83696
41055	Infinity
41057	26690
41059	19246
41061	26222
41063	7051
41065	26437
41067	117791
41069	Infinity
41071	52861
42001	102336
42003	38
42005	65642
42007	83070
42009	48480
42011	69642
42013	24691
42015	15213
42017	69816
42019	62369
42021	33264
42023	Infinity
42025	31927
42027	54220
42029	51929
42031	19229
42033	39843
42035	19499
42037	32966
42039	43080
42041	50013
42043	39387
42045	70587
42047	30197
42049	30505
42051	65752
42053	Infinity
42055	51411
42057	14590
42059	36770
42061	45491
42063	84953
42065	21902
42067	Infinity
42069	35127
42071	108581
42073	43535
42075	46585
42077	36649
42079	39668
42081	28460
42083	20665
42085	22350
42087	46388
42089	168046
42091	51630
42093	4568
42095	101135
42097	46015
42099	Infinity
42101	45
42103	Infinity
42105	16802
42107	47523
42109	Infinity
42111	24834
42113	Infinity
42115	13662
42117	40793
42119	44595
42121	51762
42123	19830
42125	51825
42127	25603
42129	58771
42131	27322
42133	63725
44001	Infinity
44003	163760
44005	41730
44007	39835
44009	63075
45001	24722
45003	168179
45005	9002
45007	49690
45009	Infinity
45011	21345
45013	62281
45015	Infinity
45017	Infinity
45019	36494
45021	57105
45023	32301
45025	45948
45027	17029
45029	37611
45031	33633
45033	30666
45035	78228
45037	26693
45039	22607
45041	19795
45043	30804
45045	42236
45047	35178
45049	19602
45051	66654
45053	28458
45055	65036
45057	46275
45059	66848
45061	17350
45063	96881
45065	Infinity
45067	31293
45069	26825
45071	38488
45073	77270
45075	43738
45077	61740
45079	25725
45081	Infinity
45083	51142
45085	106847
45087	27537
45089	31133
45091	133220
46003	Infinity
46005	18157
46007	3454
46009	3492
46011	34255
46013	13059
46015	5312
46017	Infinity
46019	Infinity
46021	Infinity
46023	4714
46025	Infinity
46027	13990
46029	28099
46031	4203
46033	8691
46035	19704
46037	5521
46039	4281
46041	5835
46043	2931
46045	3919
46047	2229
46049	2329
46051	7061
46053	2113
46055	1943
46057	Infinity
46059	3277
46061	Infinity
46063	Infinity
46065	17666
46067	3679
46069	Infinity
46071	Infinity
46073	2028
46075	Infinity
46077	4952
46079	6405
46081	8476
46083	11333
46085	Infinity
46087	Infinity
46089	2426
46091	4804
46093	14009
46095	Infinity
46097	Infinity
46099	23577
46101	6579
46103	18357
46105	Infinity
46107	1116
46109	10278
46111	Infinity
46113	NaN
46115	6410
46117	Infinity
46119	Infinity
46121	10065
46123	5460
46125	8315
46127	15029
46129	5543
46135	7554
46137	Infinity
47001	76257
47003	24059
47005	15986
47007	14717
47009	64965
47011	52780
47013	19824
47015	14216
47017	13930
47019	56488
47021	40330
47023	Infinity
47025	31609
47027	7703
47029	35556
47031	18345
47033	Infinity
47035	59078
47037	46083
47039	11751
47041	19852
47043	52853
47045	37463
47047	40036
47049	18136
47051	20826
47053	16370
47055	29401
47057	Infinity
47059	34404
47061	Infinity
47063	32139
47065	27816
47067	6600
47069	25447
47071	25846
47073	56459
47075	17573
47077	27751
47079	32450
47081	24864
47083	8213
47085	18484
47087	11677
47089	53804
47091	17691
47093	35528
47095	Infinity
47097	25274
47099	43396
47101	Infinity
47103	33751
47105	52152
47107	26439
47109	26004
47111	24079
47113	32548
47115	28425
47117	32931
47119	92163
47121	Infinity
47123	46240
47125	100091
47127	Infinity
47129	Infinity
47131	30385
47133	22012
47135	7975
47137	Infinity
47139	16757
47141	77674
47143	32691
47145	26518
47147	70177
47149	63431
47151	21989
47153	Infinity
47155	97638
47157	40737
47159	19636
47161	Infinity
47163	31432
47165	61182
47167	61366
47169	10083
47171	17759
47173	Infinity
47175	Infinity
47177	40651
47179	18258
47181	16583
47183	16669
47185	26753
47187	113129
47189	68221
48001	28871
48003	17722
48005	21951
48007	Infinity
48009	Infinity
48011	Infinity
48013	48981
48015	29786
48017	7077
48019	Infinity
48021	84761
48023	3581
48025	32563
48027	34783
48029	41
48031	Infinity
48033	Infinity
48035	18326
48037	15669
48039	72491
48041	37138
48043	9337
48045	Infinity
48047	Infinity
48049	38053
48051	18011
48053	23402
48055	21169
48057	21744
48059	Infinity
48061	38520
48063	12855
48065	Infinity
48067	15006
48069	7843
48071	20721
48073	17413
48075	7067
48077	10421
48079	2851
48081	Infinity
48083	8430
48085	33435
48087	2987
48089	7077
48091	35252
48093	13573
48095	2717
48097	19948
48099	74913
48101	Infinity
48103	4740
48105	Infinity
48107	5899
48109	2231
48111	Infinity
48113	46
48115	12813
48117	9418
48119	Infinity
48121	46456
48123	20226
48125	Infinity
48127	10418
48129	Infinity
48131	Infinity
48133	18411
48135	39272
48137	Infinity
48139	57873
48141	49436
48143	41969
48145	17437
48147	17223
48149	25272
48151	3880
48153	5855
48155	Infinity
48157	63736
48159	10767
48161	19625
48163	9800
48165	20638
48167	83759
48169	Infinity
48171	26646
48173	Infinity
48175	Infinity
48177	20893
48179	22404
48181	16393
48183	20561
48185	28082
48187	79830
48189	17067
48191	Infinity
48193	8422
48195	5447
48197	1997
48199	57139
48201	44
48203	66661
48205	5691
48207	5746
48209	53621
48211	4024
48213	81064
48215	50627
48217	17926
48219	23088
48221	58273
48223	36496
48225	23021
48227	12013
48229	Infinity
48231	31291
48233	10688
48235	Infinity
48237	4416
48239	14805
48241	35561
48243	Infinity
48245	18307
48247	Infinity
48249	40871
48251	167301
48253	6661
48255	15187
48257	40961
48259	Infinity
48261	Infinity
48263	Infinity
48265	17240
48267	4410
48269	Infinity
48271	Infinity
48273	31088
48275	3710
48277	16529
48279	13210
48281	21027
48283	Infinity
48285	10031
48287	Infinity
48289	Infinity
48291	27886
48293	11764
48295	Infinity
48297	Infinity
48299	21210
48301	Infinity
48303	30523
48305	5859
48307	7957
48309	50252
48311	Infinity
48313	14222
48315	Infinity
48317	2813
48319	Infinity
48321	18420
48323	58216
48325	50066
48327	Infinity
48329	33010
48331	12527
48333	Infinity
48335	8468
48337	9770
48339	38062
48341	22097
48343	Infinity
48345	Infinity
48347	21860
48349	48701
48351	Infinity
48353	14770
48355	25802
48357	10073
48359	Infinity
48361	85047
48363	28570
48365	23243
48367	66732
48369	9842
48371	7817
48373	49162
48375	13384
48377	Infinity
48379	Infinity
48381	134442
48383	1855
48385	Infinity
48387	12229
48389	15281
48391	7224
48393	Infinity
48395	Infinity
48397	32263
48399	5133
48401	52833
48403	10461
48405	8253
48407	Infinity
48409	67215
48411	Infinity
48413	3001
48415	17050
48417	Infinity
48419	25513
48421	Infinity
48423	25303
48425	8845
48427	64454
48429	9337
48431	Infinity
48433	1388
48435	3767
48437	7515
48439	37
48441	22715
48443	Infinity
48445	12715
48447	1527
48449	32904
48451	29505
48453	45
48455	14667
48457	21539
48459	41281
48461	1221
48463	27132
48465	49205
48467	55182
48469	15347
48471	72245
48473	Infinity
48475	11472
48477	35043
48479	45799
48481	20984
48483	2679
48485	18857
48487	6382
48489	Infinity
48491	45629
48493	49304
48495	7574
48497	22060
48499	22157
48501	8568
48503	8990
48505	Infinity
48507	Infinity
49001	3193
49003	27040
49005	62219
49007	20295
49009	Infinity
49011	69527
49013	10013
49015	Infinity
49017	5078
49019	9674
49021	51001
49023	11250
49025	7567
49027	6432
49029	Infinity
49031	Infinity
49033	Infinity
49035	47
49037	7678
49039	15018
49041	21316
49043	41106
49045	67456
49047	35150
49049	60643
49051	32106
49053	82831
49055	Infinity
49057	125885
50001	36776
50003	35594
50005	30164
50007	162372
50009	Infinity
50011	49025
50013	Infinity
50015	25337
50017	28974
50019	26841
50021	59087
50023	29145
50025	14290
50027	18367
51001	Infinity
51003	26926
51005	15122
51007	Infinity
51009	Infinity
51011	Infinity
51013	234965
51015	75144
51017	4297
51019	Infinity
51021	Infinity
51023	Infinity
51025	Infinity
51027	21514
51029	Infinity
51031	Infinity
51033	Infinity
51035	Infinity
51036	Infinity
51037	Infinity
51041	85900
51043	Infinity
51045	Infinity
51047	51282
51049	Infinity
51051	14782
51053	28208
51057	11028
51059	144
51061	69465
51063	Infinity
51065	Infinity
51067	56445
51069	Infinity
51071	8419
51073	37292
51075	Infinity
51077	Infinity
51079	Infinity
51081	Infinity
51083	34563
51085	52962
51087	65580
51089	Infinity
51091	Infinity
51093	Infinity
51095	25175
51097	Infinity
51099	Infinity
51101	Infinity
51103	10788
51105	23758
51107	99520
51109	Infinity
51111	Infinity
51113	Infinity
51115	Infinity
51117	30686
51119	Infinity
51121	49280
51125	Infinity
51127	21682
51131	11846
51133	Infinity
51135	15434
51137	Infinity
51139	23731
51141	17665
51143	Infinity
51145	Infinity
51147	22703
51149	Infinity
51153	115756
51155	34184
51157	Infinity
51159	Infinity
51161	93730
51163	Infinity
51165	80227
51167	27048
51169	Infinity
51171	43225
51173	10219
51175	Infinity
51177	133033
51179	146649
51181	Infinity
51183	Infinity
51185	20548
51187	39563
51191	27194
51193	Infinity
51195	38586
51197	28882
51199	33870
51510	160035
51515	NaN
51520	8395
51530	Infinity
51540	48019
51550	240397
51570	Infinity
51580	Infinity
51590	20565
51595	5282
51600	Infinity
51610	Infinity
51620	8176
51630	14180
51640	6625
51650	33667
51660	54215
51670	22621
51678	7106
51680	26998
51683	Infinity
51685	Infinity
51690	13142
51700	35878
51710	34958
51720	1968
51730	10583
51735	Infinity
51740	47286
51750	Infinity
51760	37839
51770	49919
51775	12931
51790	12264
51800	30079
51810	112609
51820	Infinity
51830	15031
51840	13966
53001	9753
53003	22535
53005	49543
53007	19133
53009	37737
53011	118661
53013	4047
53015	53455
53017	Infinity
53019	7594
53021	92125
53023	2210
53025	23790
53027	18174
53029	41580
53031	31234
53033	68
53035	66604
53037	46205
53039	10906
53041	39100
53043	5290
53045	63710
53047	13914
53049	10813
53051	13354
53053	67443
53055	16715
53057	41873
53059	Infinity
53061	100204
53063	50615
53065	22365
53067	140294
53069	Infinity
53071	20189
53073	110702
53075	24523
53077	62548
54001	16497
54003	57460
54005	22349
54007	14237
54009	11222
54011	15826
54013	7307
54015	Infinity
54017	Infinity
54019	21761
54021	Infinity
54023	11670
54025	35287
54027	23471
54029	Infinity
54031	Infinity
54033	22604
54035	28976
54037	56338
54039	22912
54041	8113
54043	Infinity
54045	32925
54047	18456
54049	56337
54051	31190
54053	26801
54055	19918
54057	27222
54059	24127
54061	35010
54063	Infinity
54065	17686
54067	25043
54069	10509
54071	Infinity
54073	Infinity
54075	8456
54077	16840
54079	56792
54081	25007
54083	28785
54085	Infinity
54087	14043
54089	12993
54091	16930
54093	Infinity
54095	8795
54097	24465
54099	40153
54101	8372
54103	15437
54105	Infinity
54107	42552
54109	Infinity
55001	19973
55003	15500
55005	15084
55007	Infinity
55009	37436
55011	Infinity
55013	15352
55015	50067
55017	31907
55019	17340
55021	28624
55023	8107
55025	59602
55027	29262
55029	27483
55031	43284
55033	44693
55035	34557
55037	Infinity
55039	25637
55041	Infinity
55043	13000
55045	36851
55047	18760
55049	23715
55051	Infinity
55053	20529
55055	84832
55057	26576
55059	56174
55061	Infinity
55063	59137
55065	16741
55067	19160
55069	13919
55071	39588
55073	45244
55075	40310
55077	Infinity
55078	Infinity
55079	43277
55081	15208
55083	18777
55085	17627
55087	62020
55089	29476
55091	7254
55093	Infinity
55095	10863
55097	70474
55099	13442
55101	49018
55103	17516
55105	40577
55107	14151
55109	22176
55111	15995
55113	16418
55115	40935
55117	57672
55119	10161
55121	14736
55123	15380
55125	21683
55127	51541
55129	7879
55131	67551
55133	44513
55135	51225
55137	24369
55139	34083
55141	24375
56001	38332
56003	5953
56005	46242
56007	15303
56009	13809
56011	7410
56013	19902
56015	6689
56017	2348
56019	8476
56021	49164
56023	9633
56025	13258
56027	2397
56029	14784
56031	8562
56033	15105
56035	Infinity
56037	21767
56039	23265
56041	10248
56043	8064
56045	6927
72001	Infinity
72003	Infinity
72005	53164
72007	Infinity
72009	23108
72011	Infinity
72013	86066
72015	17881
72017	Infinity
72019	Infinity
72021	29928
72023	48824
72025	64802
72027	Infinity
72029	Infinity
72031	154489
72033	Infinity
72035	44027
72037	Infinity
72039	Infinity
72041	39813
72043	Infinity
72045	Infinity
72047	Infinity
72049	1769
72051	Infinity
72053	15662
72054	Infinity
72055	Infinity
72057	20641
72059	Infinity
72061	87328
72063	Infinity
72065	Infinity
72067	Infinity
72069	17590
72071	Infinity
72073	Infinity
72075	Infinity
72077	Infinity
72079	Infinity
72081	25772
72083	Infinity
72085	Infinity
72087	Infinity
72089	Infinity
72091	9776
72093	Infinity
72095	Infinity
72097	15105
72099	36328
72101	Infinity
72103	Infinity
72105	Infinity
72107	21109
72109	Infinity
72111	Infinity
72113	23477
72115	Infinity
72117	Infinity
72119	Infinity
72121	Infinity
72123	Infinity
72125	15827
72127	14054
72129	Infinity
72131	Infinity
72133	Infinity
72135	Infinity
72137	Infinity
72139	Infinity
72141	28791
72143	Infinity
72145	52436
72147	8669
72149	Infinity
72151	Infinity
72153	35635
02020	32706
02122	19539
02070	4932
02130	13856
02090	33234
02150	13448
02220	4345
02275	2521
02180	9921
02170	106532
02195	3281
02261	3093
02188	7684
undefined	NaN
02016	5763
02185	9782
06059	80
06071	67
06037	78
06109	18083
06083	49794
06029	59541
06097	42018
08069	49139
08035	55883
08001	71881
09009	86044
09013	50487
09001	135703
04013	59
05133	17115
05131	18301
05141	16506
05145	26339
05149	10762
05019	22293
05015	13972
05017	5318
05011	10864
05121	17557
05123	25930
05125	59662
05043	18547
05039	7393
05031	17853
05035	24375
05107	18572
05103	23868
05109	10726
05009	37381
05005	41355
05003	20283
05001	8984
05139	39449
05137	12537
05041	5882
05045	61827
05049	12055
05075	16525
05071	26552
05093	21080
05027	23627
05021	14920
05023	25048
05029	20916
05115	63835
05119	17907
05051	16443
05055	45053
05059	16787
05069	34558
05063	37504
05065	13686
05143	23200
05033	62996
05007	44383
05113	20118
05057	21861
05061	6739
05083	10861
05081	12359
05067	17135
05037	16863
05127	10445
05091	43984
04019	51
08089	18326
08077	25269
08031	44039
08041	58269
08101	41619
08043	47559
04017	18159
04015	41440
04025	38028
04027	69178
02050	18076
09003	74616
09011	134517
09015	58180
09007	163410
09005	60726
04007	17834
04005	35194
04003	15595
04021	61462
06007	32756
06073	90
06075	52021
06031	37525
06079	40486
06111	65709
06001	62
06069	30155
06065	101
06085	121
06089	25703
06041	65239
06043	17569
06049	4430
06019	65950
06013	96
06063	6247
06105	12709
06067	81
06053	109477
06057	49907
06099	49809
06101	24162
06107	66356
06095	63637
06087	55179
08005	71450
08103	3210
06081	70128
06103	63926
08123	304633
08013	53752
06005	38626
06115	38516
06055	46991
06113	109558
08087	14096
08085	41784
08083	26140
08067	27795
06015	27470
06009	45670
08045	29559
06077	74542
06035	31163
06033	32123
06039	78445
08059	191538
06061	96542
06045	29339
06047	90891
06017	62996
06011	21805
08075	21896
08071	14238
06023	22792
06021	28094
08117	30585
06093	21927
08037	54772
08107	25220
08105	11301
08007	13315
08003	16551
05047	17890
01015	28682
01027	13367
01083	47201
01003	53157
01073	47086
01117	71202
04012	10301
01095	47774
01053	18724
01023	12945
01131	10719
01107	20176
04001	17902
04009	37466
04023	46212
01007	22668
01129	16531
01043	41378
01103	29705
01091	19375
01069	20869
01031	51874
01035	12469
01057	16468
01039	12364
01055	25689
01061	26421
01013	9913
01065	14812
01133	23722
01089	51578
01025	12042
01127	64058
01041	6936
01097	59136
01099	21327
01101	32378
01079	33049
01033	27250
01125	29687
01009	58013
01081	161604
01045	49226
01115	88199
01113	28523
01001	55504
01059	15748
01071	51909
01047	39215
01109	33267
01121	40033
01051	40839
01087	18755
01011	10309
01017	33713
01111	22670
01093	14917
01119	12687
02110	32094
01077	92538
01005	25270
01063	8330
01123	20341
01049	71617
01019	25857
08015	19638
08017	1845
06091	2999
08081	13131
08065	7778
08061	1376
08063	7158
08049	7661
08055	6662
08051	16939
06027	9013
08029	30568
08099	12070
08095	2146
08097	17890
08073	5546
06025	91415
08021	8184
08119	24646
08115	2344
06051	14168
08009	3562
08125	5038
01029	Infinity
01037	Infinity
01067	Infinity
01075	Infinity
01085	Infinity
01021	Infinity
01105	Infinity
02013	Infinity
02060	Infinity
02068	Infinity
02105	Infinity
02164	Infinity
02240	Infinity
02270	NaN
02290	Infinity
02198	Infinity
02230	Infinity
02282	Infinity
02100	Infinity
04011	Infinity
05053	Infinity
05077	Infinity
05013	Infinity
05073	Infinity
05085	Infinity
05095	Infinity
05097	Infinity
05099	Infinity
05117	Infinity
05147	Infinity
05025	Infinity
05079	Infinity
05087	Infinity
05089	Infinity
05101	Infinity
05105	Infinity
05111	Infinity
05129	Infinity
05135	Infinity
06003	Infinity
08053	Infinity
08079	Infinity
08011	Infinity
08019	Infinity
08023	Infinity
08027	Infinity
08057	Infinity
08091	Infinity
08093	Infinity
08109	Infinity
08111	Infinity
08113	Infinity
08014	Infinity
08025	Infinity
08033	Infinity
08039	Infinity
08047	Infinity
08121	Infinity
